BANKID,
BANKID/Ayandeh,
BANKID/BankID,
BANKID/BankID/UID,
BANKID/BankID/UID/Report,
BANKID/Caspian,
BANKID/Day,
BANKID/EghtesadNovin,
BANKID/Gardeshgari,
BANKID/IranEuropa,
BANKID/IranVenezoela,
BANKID/IranZamin,
BANKID/ISC,
BANKID/ISC/ApplicationLog,
BANKID/ISC/ApplicationLog/UID_Core,
BANKID/Isun,
BANKID/Karafarin,
BANKID/Keshavarzi,
BANKID/Khavarmiyaneh,
BANKID/Markazi,
BANKID/Maskan,
BANKID/Mehr,
BANKID/Melal,
BANKID/Mellat,
BANKID/Melli,
BANKID/Noor,
BANKID/Parsian,
BANKID/Pasargad,
BANKID/PostBank,
BANKID/PSP_AsanPardakhtPersian,
BANKID/PSP_BehpardakhMellat,
BANKID/PSP_EBParsian,
BANKID/PSP_ECDamavand,
BANKID/PSP_EPPasargad,
BANKID/PSP_EPSaman,
BANKID/PSP_FanavaCard,
BANKID/PSP_Faradis,
BANKID/PSP_KartEtebariIranKish,
BANKID/PSP_MabnaCardAriya,
BANKID/PSP_PardakhtNovinAryan,
BANKID/PSP_Sadad,
BANKID/PSP_SayanCard,
BANKID/PSP_TejaratElectronicPasargad,
BANKID/Refah,
BANKID/Resalat,
BANKID/Saderat,
BANKID/Saman,
BANKID/SanatOMadan,
BANKID/Sarmayeh,
BANKID/Sepah,
BANKID/Shahr,
BANKID/Shaparak,
BANKID/Sina,
BANKID/Tejarat,
BANKID/Tosse,
BANKID/TosseSaderat,
BANKID/TosseTaavon,
BANKID/VezaratRefah,
BANKIRAN/ISC/NovinFiles,
BANKIRAN/ISC/NovinFiles/AYN,
BANKIRAN/ISC/NovinFiles/AYN/input,
BANKIRAN/ISC/NovinFiles/AYN/output,
BANKIRAN/ISC/NovinFiles/BMI,
BANKIRAN/ISC/NovinFiles/BMI/input,
BANKIRAN/ISC/NovinFiles/BMI/output,
BANKIRAN/ISC/NovinFiles/BSI,
BANKIRAN/ISC/NovinFiles/BSI/input,
BANKIRAN/ISC/NovinFiles/BSI/output,
BANKIRAN/ISC/NovinFiles/BTJ,
BANKIRAN/ISC/NovinFiles/BTJ/input,
BANKIRAN/ISC/NovinFiles/BTJ/output,
BANKIRAN/ISC/NovinFiles/BTS,
BANKIRAN/ISC/NovinFiles/BTS/input,
BANKIRAN/ISC/NovinFiles/BTS/output,
BANKIRAN/ISC/NovinFiles/NOR,
BANKIRAN/ISC/NovinFiles/NOR/input,
BANKIRAN/ISC/NovinFiles/NOR/output,
BOURSE,
BOURSE/Ayandeh,
BOURSE/Caspian,
BOURSE/Day,
BOURSE/EghtesadNovin,
BOURSE/Gardeshgari,
BOURSE/IranEuropa,
BOURSE/IranVenezoela,
BOURSE/IranZamin,
BOURSE/ISC,
BOURSE/Isun,
BOURSE/Karafarin,
BOURSE/Keshavarzi,
BOURSE/Khavarmiyaneh,
BOURSE/Markazi,
BOURSE/Maskan,
BOURSE/Mehr,
BOURSE/Melal,
BOURSE/Mellat,
BOURSE/Melli,
BOURSE/Noor,
BOURSE/Parsian,
BOURSE/Pasargad,
BOURSE/PostBank,
BOURSE/PSP_AsanPardakhtPersian,
BOURSE/PSP_BehpardakhMellat,
BOURSE/PSP_EBParsian,
BOURSE/PSP_ECDamavand,
BOURSE/PSP_EPPasargad,
BOURSE/PSP_EPSaman,
BOURSE/PSP_FanavaCard,
BOURSE/PSP_Faradis,
BOURSE/PSP_KartEtebariIranKish,
BOURSE/PSP_MabnaCardAriya,
BOURSE/PSP_PardakhtNovinAryan,
BOURSE/PSP_Sadad,
BOURSE/PSP_SayanCard,
BOURSE/PSP_TejaratElectronicPasargad,
BOURSE/Refah,
BOURSE/Resalat,
BOURSE/Saderat,
BOURSE/Saman,
BOURSE/SanatOMadan,
BOURSE/Sarmayeh,
BOURSE/Sepah,
BOURSE/Shahr,
BOURSE/Shaparak,
BOURSE/Sina,
BOURSE/Tejarat,
BOURSE/Tosse,
BOURSE/TosseSaderat,
BOURSE/TosseSaderat/Bours_Report,
BOURSE/TosseSaderat/Bours_Report/Report,
BOURSE/TosseTaavon,
BOURSE/VezaratRefah,
ESTELAMSHOAB/Ayandeh,
ESTELAMSHOAB/Caspian,
ESTELAMSHOAB/Day,
ESTELAMSHOAB/EghtesadNovin,
ESTELAMSHOAB/Gardeshgari,
ESTELAMSHOAB/IranEuropa,
ESTELAMSHOAB/IranVenezoela,
ESTELAMSHOAB/IranZamin,
ESTELAMSHOAB/ISC,
ESTELAMSHOAB/ISC/ListShoab,
ESTELAMSHOAB/ISC/ListShoab/Novin_Fash,
ESTELAMSHOAB/Isun,
ESTELAMSHOAB/Karafarin,
ESTELAMSHOAB/Keshavarzi,
ESTELAMSHOAB/Khavarmiyaneh,
ESTELAMSHOAB/Markazi,
ESTELAMSHOAB/Maskan,
ESTELAMSHOAB/Mehr,
ESTELAMSHOAB/Melal,
ESTELAMSHOAB/Mellat,
ESTELAMSHOAB/Melli,
ESTELAMSHOAB/Parsian,
ESTELAMSHOAB/Pasargad,
ESTELAMSHOAB/PostBank,
ESTELAMSHOAB/PSP_AsanPardakhtPersian,
ESTELAMSHOAB/PSP_BehpardakhMellat,
ESTELAMSHOAB/PSP_EBParsian,
ESTELAMSHOAB/PSP_ECDamavand,
ESTELAMSHOAB/PSP_EPPasargad,
ESTELAMSHOAB/PSP_EPSaman,
ESTELAMSHOAB/PSP_FanavaCard,
ESTELAMSHOAB/PSP_Faradis,
ESTELAMSHOAB/PSP_KartEtebariIranKish,
ESTELAMSHOAB/PSP_MabnaCardAriya,
ESTELAMSHOAB/PSP_PardakhtNovinAryan,
ESTELAMSHOAB/PSP_Sadad,
ESTELAMSHOAB/PSP_SayanCard,
ESTELAMSHOAB/PSP_TejaratElectronicPasargad,
ESTELAMSHOAB/Refah,
ESTELAMSHOAB/Resalat,
ESTELAMSHOAB/Saderat,
ESTELAMSHOAB/Saman,
ESTELAMSHOAB/SanatOMadan,
ESTELAMSHOAB/Sarmayeh,
ESTELAMSHOAB/Sepah,
ESTELAMSHOAB/Shahr,
ESTELAMSHOAB/Shaparak,
ESTELAMSHOAB/Sina,
ESTELAMSHOAB/Tejarat,
ESTELAMSHOAB/Tosse,
ESTELAMSHOAB/TosseSaderat,
ESTELAMSHOAB/TosseTaavon,
ESTELAMSHOAB/VezaratRefah,
FASH/Ayandeh,
FASH/Caspian,
FASH/Day,
FASH/EghtesadNovin,
FASH/Gardeshgari,
FASH/IranEuropa,
FASH/IranVenezoela,
FASH/IranZamin,
FASH/ISC,
FASH/Isun,
FASH/Karafarin,
FASH/Keshavarzi,
FASH/Khavarmiyaneh,
FASH/Markazi,
FASH/Maskan,
FASH/Mehr,
FASH/Melal,
FASH/Mellat,
FASH/Melli,
FASH/Parsian,
FASH/Pasargad,
FASH/PostBank,
FASH/PSP_AsanPardakhtPersian,
FASH/PSP_BehpardakhMellat,
FASH/PSP_EBParsian,
FASH/PSP_ECDamavand,
FASH/PSP_EPPasargad,
FASH/PSP_EPSaman,
FASH/PSP_FanavaCard,
FASH/PSP_Faradis,
FASH/PSP_KartEtebariIranKish,
FASH/PSP_MabnaCardAriya,
FASH/PSP_PardakhtNovinAryan,
FASH/PSP_Sadad,
FASH/PSP_SayanCard,
FASH/PSP_TejaratElectronicPasargad,
FASH/Refah,
FASH/Resalat,
FASH/Saderat,
FASH/Saman,
FASH/SanatOMadan,
FASH/Sarmayeh,
FASH/Sepah,
FASH/Shahr,
FASH/Shaparak,
FASH/Sina,
FASH/Tejarat,
FASH/Tosse,
FASH/TosseSaderat,
FASH/TosseTaavon,
FASH/VezaratRefah,
HAMBANK,
HAMBANK/Ayandeh,
HAMBANK/Caspian,
HAMBANK/Day,
HAMBANK/EghtesadNovin,
HAMBANK/Gardeshgari,
HAMBANK/IranEuropa,
HAMBANK/IranVenezoela,
HAMBANK/IranZamin,
HAMBANK/ISC,
HAMBANK/Isun,
HAMBANK/Karafarin,
HAMBANK/Keshavarzi,
HAMBANK/Khavarmiyaneh,
HAMBANK/Markazi,
HAMBANK/Maskan,
HAMBANK/Mehr,
HAMBANK/Melal,
HAMBANK/Mellat,
HAMBANK/Melli,
HAMBANK/Noor,
HAMBANK/Parsian,
HAMBANK/Pasargad,
HAMBANK/PostBank,
HAMBANK/PSP_AsanPardakhtPersian,
HAMBANK/PSP_BehpardakhMellat,
HAMBANK/PSP_EBParsian,
HAMBANK/PSP_ECDamavand,
HAMBANK/PSP_EPPasargad,
HAMBANK/PSP_EPSaman,
HAMBANK/PSP_FanavaCard,
HAMBANK/PSP_Faradis,
HAMBANK/PSP_KartEtebariIranKish,
HAMBANK/PSP_MabnaCardAriya,
HAMBANK/PSP_PardakhtNovinAryan,
HAMBANK/PSP_Sadad,
HAMBANK/PSP_SayanCard,
HAMBANK/PSP_TejaratElectronicPasargad,
HAMBANK/Refah,
HAMBANK/Resalat,
HAMBANK/Saderat,
HAMBANK/Saderat/USSD,
HAMBANK/Saderat/USSD/Report,
HAMBANK/Saman,
HAMBANK/SanatOMadan,
HAMBANK/Sarmayeh,
HAMBANK/Sepah,
HAMBANK/Shahr,
HAMBANK/Shaparak,
HAMBANK/Sina,
HAMBANK/Tejarat,
HAMBANK/Tosse,
HAMBANK/TosseSaderat,
HAMBANK/TosseTaavon,
HAMBANK/VezaratRefah,
HOMA/Ayandeh,
HOMA/Caspian,
HOMA/Day,
HOMA/EghtesadNovin,
HOMA/Gardeshgari,
HOMA/IranEuropa,
HOMA/IranVenezoela,
HOMA/IranZamin,
HOMA/ISC,
HOMA/Isun,
HOMA/Karafarin,
HOMA/Keshavarzi,
HOMA/Khavarmiyaneh,
HOMA/Markazi,
HOMA/Maskan,
HOMA/Mehr,
HOMA/Melal,
HOMA/Mellat,
HOMA/Melli,
HOMA/Noor/Report,
HOMA/Noor/Report/DailyReport,
HOMA/Noor/Report/Daily-Report-Customer,
HOMA/Noor/Report/Totalcustomer,
HOMA/Parsian,
HOMA/Pasargad,
HOMA/PostBank,
HOMA/PSP_AsanPardakhtPersian,
HOMA/PSP_BehpardakhMellat,
HOMA/PSP_EBParsian,
HOMA/PSP_ECDamavand,
HOMA/PSP_EPPasargad,
HOMA/PSP_EPSaman,
HOMA/PSP_FanavaCard,
HOMA/PSP_Faradis,
HOMA/PSP_KartEtebariIranKish,
HOMA/PSP_MabnaCardAriya,
HOMA/PSP_PardakhtNovinAryan,
HOMA/PSP_Sadad,
HOMA/PSP_SayanCard,
HOMA/PSP_TejaratElectronicPasargad,
HOMA/Refah,
HOMA/Resalat,
HOMA/Saderat,
HOMA/Saderat/Report,
HOMA/Saderat/Report/SMSReport,
HOMA/Saman,
HOMA/SanatOMadan,
HOMA/Sarmayeh,
HOMA/Sepah,
HOMA/Shahr,
HOMA/Shaparak,
HOMA/Sina,
HOMA/Tejarat,
HOMA/Tosse,
HOMA/TosseSaderat,
HOMA/TosseSaderat/Authentication,
HOMA/TosseSaderat/Authentication/Files,
HOMA/TosseTaavon,
HOMA/VezaratRefah,
ICAS,
ICAS/Ayandeh,
ICAS/Caspian,
ICAS/Day,
ICAS/EghtesadNovin,
ICAS/Gardeshgari,
ICAS/IranEuropa,
ICAS/IranVenezoela,
ICAS/IranZamin,
ICAS/ISC,
ICAS/Isun,
ICAS/Karafarin,
ICAS/Keshavarzi,
ICAS/Khavarmiyaneh,
ICAS/Markazi,
ICAS/Maskan,
ICAS/Mehr,
ICAS/Melal,
ICAS/Mellat,
ICAS/Melli,
ICAS/Noor,
ICAS/Parsian,
ICAS/Pasargad,
ICAS/PostBank,
ICAS/PSP_AsanPardakhtPersian,
ICAS/PSP_BehpardakhMellat,
ICAS/PSP_EBParsian,
ICAS/PSP_ECDamavand,
ICAS/PSP_EPPasargad,
ICAS/PSP_EPSaman,
ICAS/PSP_FanavaCard,
ICAS/PSP_Faradis,
ICAS/PSP_KartEtebariIranKish,
ICAS/PSP_MabnaCardAriya,
ICAS/PSP_PardakhtNovinAryan,
ICAS/PSP_Sadad,
ICAS/PSP_SayanCard,
ICAS/PSP_TejaratElectronicPasargad,
ICAS/Refah,
ICAS/Resalat,
ICAS/Saderat,
ICAS/Saderat/DailyReport,
ICAS/Saderat/DailyReport/IDM-ICAS,
ICAS/Saman,
ICAS/SanatOMadan,
ICAS/Sarmayeh,
ICAS/Sepah,
ICAS/Shahr,
ICAS/Shaparak,
ICAS/Sina,
ICAS/Tejarat,
ICAS/Tosse,
ICAS/TosseSaderat,
ICAS/TosseTaavon,
ICAS/VezaratRefah,
INTERNETBANK/Ayandeh,
INTERNETBANK/Caspian,
INTERNETBANK/Day,
INTERNETBANK/EghtesadNovin,
INTERNETBANK/Gardeshgari,
INTERNETBANK/IranEuropa,
INTERNETBANK/IranVenezoela,
INTERNETBANK/IranZamin,
INTERNETBANK/ISC,
INTERNETBANK/Isun,
INTERNETBANK/Karafarin,
INTERNETBANK/Keshavarzi,
INTERNETBANK/Khavarmiyaneh,
INTERNETBANK/Markazi,
INTERNETBANK/Maskan,
INTERNETBANK/Mehr,
INTERNETBANK/Melal,
INTERNETBANK/Mellat,
INTERNETBANK/Melli,
INTERNETBANK/Noor/Report,
INTERNETBANK/Noor/Report/DailyReport,
INTERNETBANK/Parsian,
INTERNETBANK/Pasargad,
INTERNETBANK/PostBank,
INTERNETBANK/PSP_AsanPardakhtPersian,
INTERNETBANK/PSP_BehpardakhMellat,
INTERNETBANK/PSP_EBParsian,
INTERNETBANK/PSP_ECDamavand,
INTERNETBANK/PSP_EPPasargad,
INTERNETBANK/PSP_EPSaman,
INTERNETBANK/PSP_FanavaCard,
INTERNETBANK/PSP_Faradis,
INTERNETBANK/PSP_KartEtebariIranKish,
INTERNETBANK/PSP_MabnaCardAriya,
INTERNETBANK/PSP_PardakhtNovinAryan,
INTERNETBANK/PSP_Sadad,
INTERNETBANK/PSP_SayanCard,
INTERNETBANK/PSP_TejaratElectronicPasargad,
INTERNETBANK/Refah,
INTERNETBANK/Resalat,
INTERNETBANK/Saderat,
INTERNETBANK/Saderat/Daily_Report,
INTERNETBANK/Saderat/Daily_Report/BANK,
INTERNETBANK/Saderat/UNLOCK,
INTERNETBANK/Saderat/UNLOCK/BANK,
INTERNETBANK/Saderat/UNLOCK/BANK/Export,
INTERNETBANK/Saderat/UNLOCK/BANK/import,
INTERNETBANK/Saman,
INTERNETBANK/SanatOMadan,
INTERNETBANK/Sarmayeh,
INTERNETBANK/Sepah,
INTERNETBANK/Shahr,
INTERNETBANK/Shaparak,
INTERNETBANK/Sina,
INTERNETBANK/Tejarat,
INTERNETBANK/Tosse,
INTERNETBANK/TosseSaderat,
INTERNETBANK/TosseSaderat/Ebanking,
INTERNETBANK/TosseSaderat/Ebanking/Report,
INTERNETBANK/TosseSaderat/Ebanking/Report/Daily_Report,
INTERNETBANK/TosseSaderat/Ebanking/Report/Weekly_Report,
INTERNETBANK/TosseTaavon,
INTERNETBANK/VezaratRefah,
RAFEMOGHAYERAT,
RAFEMOGHAYERAT/Ayandeh,
RAFEMOGHAYERAT/Caspian,
RAFEMOGHAYERAT/Day,
RAFEMOGHAYERAT/EghtesadNovin,
RAFEMOGHAYERAT/Gardeshgari,
RAFEMOGHAYERAT/IranEuropa,
RAFEMOGHAYERAT/IranVenezoela,
RAFEMOGHAYERAT/IranZamin,
RAFEMOGHAYERAT/ISC,
RAFEMOGHAYERAT/ISC/BANKI,
RAFEMOGHAYERAT/ISC/BANKI/NOVIN,
RAFEMOGHAYERAT/Isun,
RAFEMOGHAYERAT/Karafarin,
RAFEMOGHAYERAT/Keshavarzi,
RAFEMOGHAYERAT/Khavarmiyaneh,
RAFEMOGHAYERAT/Markazi,
RAFEMOGHAYERAT/Maskan,
RAFEMOGHAYERAT/Mehr,
RAFEMOGHAYERAT/Melal,
RAFEMOGHAYERAT/Mellat,
RAFEMOGHAYERAT/Melli,
RAFEMOGHAYERAT/Noor,
RAFEMOGHAYERAT/Parsian,
RAFEMOGHAYERAT/Pasargad,
RAFEMOGHAYERAT/PostBank,
RAFEMOGHAYERAT/PSP_AsanPardakhtPersian,
RAFEMOGHAYERAT/PSP_BehpardakhMellat,
RAFEMOGHAYERAT/PSP_EBParsian,
RAFEMOGHAYERAT/PSP_ECDamavand,
RAFEMOGHAYERAT/PSP_EPPasargad,
RAFEMOGHAYERAT/PSP_EPSaman,
RAFEMOGHAYERAT/PSP_FanavaCard,
RAFEMOGHAYERAT/PSP_Faradis,
RAFEMOGHAYERAT/PSP_KartEtebariIranKish,
RAFEMOGHAYERAT/PSP_MabnaCardAriya,
RAFEMOGHAYERAT/PSP_PardakhtNovinAryan,
RAFEMOGHAYERAT/PSP_Sadad,
RAFEMOGHAYERAT/PSP_SayanCard,
RAFEMOGHAYERAT/PSP_TejaratElectronicPasargad,
RAFEMOGHAYERAT/Refah,
RAFEMOGHAYERAT/Resalat,
RAFEMOGHAYERAT/Saman,
RAFEMOGHAYERAT/SanatOMadan,
RAFEMOGHAYERAT/Sarmayeh,
RAFEMOGHAYERAT/Sepah,
RAFEMOGHAYERAT/Shahr,
RAFEMOGHAYERAT/Shaparak,
RAFEMOGHAYERAT/Sina,
RAFEMOGHAYERAT/Tejarat,
RAFEMOGHAYERAT/Tosse,
RAFEMOGHAYERAT/TosseSaderat,
RAFEMOGHAYERAT/TosseTaavon,
RAFEMOGHAYERAT/VezaratRefah,
RAMZBAN,
RAMZBAN/Ayandeh,
RAMZBAN/Caspian,
RAMZBAN/Day,
RAMZBAN/EghtesadNovin,
RAMZBAN/Gardeshgari,
RAMZBAN/IranEuropa,
RAMZBAN/IranVenezoela,
RAMZBAN/IranZamin,
RAMZBAN/ISC,
RAMZBAN/Isun,
RAMZBAN/Karafarin,
RAMZBAN/Keshavarzi,
RAMZBAN/Khavarmiyaneh,
RAMZBAN/Markazi,
RAMZBAN/Maskan,
RAMZBAN/Mehr,
RAMZBAN/Melal,
RAMZBAN/Mellat,
RAMZBAN/Melli,
RAMZBAN/Melli/Report,
RAMZBAN/Melli/Report/SOTP_Report,
RAMZBAN/Noor,
RAMZBAN/Parsian,
RAMZBAN/Pasargad,
RAMZBAN/PostBank,
RAMZBAN/PSP_AsanPardakhtPersian,
RAMZBAN/PSP_BehpardakhMellat,
RAMZBAN/PSP_EBParsian,
RAMZBAN/PSP_ECDamavand,
RAMZBAN/PSP_EPPasargad,
RAMZBAN/PSP_EPSaman,
RAMZBAN/PSP_FanavaCard,
RAMZBAN/PSP_Faradis,
RAMZBAN/PSP_KartEtebariIranKish,
RAMZBAN/PSP_MabnaCardAriya,
RAMZBAN/PSP_PardakhtNovinAryan,
RAMZBAN/PSP_Sadad,
RAMZBAN/PSP_SayanCard,
RAMZBAN/PSP_TejaratElectronicPasargad,
RAMZBAN/Refah,
RAMZBAN/Resalat,
RAMZBAN/Saderat,
RAMZBAN/Saman,
RAMZBAN/SanatOMadan,
RAMZBAN/Sarmayeh,
RAMZBAN/Sepah,
RAMZBAN/Shahr,
RAMZBAN/Shaparak,
RAMZBAN/Sina,
RAMZBAN/Tejarat,
RAMZBAN/Tosse,
RAMZBAN/TosseSaderat,
RAMZBAN/TosseTaavon,
RAMZBAN/VezaratRefah,
RIMA/Ayandeh,
RIMA/Ayandeh/RimaReport,
RIMA/Ayandeh/RimaReport/Report,
RIMA/Caspian,
RIMA/Day,
RIMA/EghtesadNovin,
RIMA/Gardeshgari,
RIMA/IranEuropa,
RIMA/IranVenezoela,
RIMA/IranZamin,
RIMA/ISC,
RIMA/Isun,
RIMA/Karafarin,
RIMA/Keshavarzi,
RIMA/Keshavarzi/Report,
RIMA/Keshavarzi/Report/GiftCard,
RIMA/Keshavarzi/Report/GiftCard/Out,
RIMA/Khavarmiyaneh,
RIMA/Markazi,
RIMA/Maskan,
RIMA/Mehr,
RIMA/Melal,
RIMA/Mellat,
RIMA/Melli,
RIMA/Noor/RimaReport,
RIMA/Noor/RimaReport/Report,
RIMA/Parsian,
RIMA/Pasargad,
RIMA/PostBank,
RIMA/PSP_AsanPardakhtPersian,
RIMA/PSP_BehpardakhMellat,
RIMA/PSP_EBParsian,
RIMA/PSP_ECDamavand,
RIMA/PSP_EPPasargad,
RIMA/PSP_EPSaman,
RIMA/PSP_FanavaCard,
RIMA/PSP_Faradis,
RIMA/PSP_KartEtebariIranKish,
RIMA/PSP_MabnaCardAriya,
RIMA/PSP_PardakhtNovinAryan,
RIMA/PSP_Sadad,
RIMA/PSP_SayanCard,
RIMA/PSP_TejaratElectronicPasargad,
RIMA/Refah,
RIMA/Resalat,
RIMA/Saderat,
RIMA/Saderat/RimaReport,
RIMA/Saderat/RimaReport/Report,
RIMA/Saman,
RIMA/SanatOMadan,
RIMA/Sarmayeh,
RIMA/Sepah,
RIMA/Shahr,
RIMA/Shaparak,
RIMA/Sina,
RIMA/Tejarat,
RIMA/Tosse,
RIMA/TosseSaderat,
RIMA/TosseSaderat/RimaReport,
RIMA/TosseSaderat/RimaReport/Report,
RIMA/TosseTaavon,
RIMA/VezaratRefah,
SEPAMRIALI/Ayandeh,
SEPAMRIALI/Caspian,
SEPAMRIALI/Day,
SEPAMRIALI/EghtesadNovin,
SEPAMRIALI/Gardeshgari,
SEPAMRIALI/IranEuropa,
SEPAMRIALI/IranVenezoela,
SEPAMRIALI/IranZamin,
SEPAMRIALI/ISC,
SEPAMRIALI/Isun,
SEPAMRIALI/Karafarin,
SEPAMRIALI/Keshavarzi,
SEPAMRIALI/Khavarmiyaneh,
SEPAMRIALI/Markazi,
SEPAMRIALI/Maskan,
SEPAMRIALI/Mehr,
SEPAMRIALI/Melal,
SEPAMRIALI/Mellat,
SEPAMRIALI/Melli,
SEPAMRIALI/Parsian,
SEPAMRIALI/Pasargad,
SEPAMRIALI/PostBank,
SEPAMRIALI/PSP_AsanPardakhtPersian,
SEPAMRIALI/PSP_BehpardakhMellat,
SEPAMRIALI/PSP_EBParsian,
SEPAMRIALI/PSP_ECDamavand,
SEPAMRIALI/PSP_EPPasargad,
SEPAMRIALI/PSP_EPSaman,
SEPAMRIALI/PSP_FanavaCard,
SEPAMRIALI/PSP_Faradis,
SEPAMRIALI/PSP_KartEtebariIranKish,
SEPAMRIALI/PSP_MabnaCardAriya,
SEPAMRIALI/PSP_PardakhtNovinAryan,
SEPAMRIALI/PSP_Sadad,
SEPAMRIALI/PSP_SayanCard,
SEPAMRIALI/PSP_TejaratElectronicPasargad,
SEPAMRIALI/Refah,
SEPAMRIALI/Resalat,
SEPAMRIALI/Saderat,
SEPAMRIALI/Saman,
SEPAMRIALI/SanatOMadan,
SEPAMRIALI/Sarmayeh,
SEPAMRIALI/Sepah,
SEPAMRIALI/Shahr,
SEPAMRIALI/Shaparak,
SEPAMRIALI/Sina,
SEPAMRIALI/Tejarat,
SEPAMRIALI/Tosse,
SEPAMRIALI/TosseSaderat,
SEPAMRIALI/TosseTaavon,
SEPAMRIALI/VezaratRefah,
SHAHIN/Ayandeh,
SHAHIN/Caspian,
SHAHIN/Day,
SHAHIN/EghtesadNovin,
SHAHIN/Gardeshgari,
SHAHIN/IranEuropa,
SHAHIN/IranVenezoela,
SHAHIN/IranZamin,
SHAHIN/ISC,
SHAHIN/Isun,
SHAHIN/Karafarin,
SHAHIN/Keshavarzi,
SHAHIN/Khavarmiyaneh,
SHAHIN/Markazi,
SHAHIN/Maskan,
SHAHIN/Mehr,
SHAHIN/Melal,
SHAHIN/Mellat,
SHAHIN/Melli,
SHAHIN/Melli/Report,
SHAHIN/Melli/Report/Export,
SHAHIN/Parsian,
SHAHIN/Pasargad,
SHAHIN/PostBank,
SHAHIN/PSP_AsanPardakhtPersian,
SHAHIN/PSP_BehpardakhMellat,
SHAHIN/PSP_EBParsian,
SHAHIN/PSP_ECDamavand,
SHAHIN/PSP_EPPasargad,
SHAHIN/PSP_EPSaman,
SHAHIN/PSP_FanavaCard,
SHAHIN/PSP_Faradis,
SHAHIN/PSP_Faradis/Report,
SHAHIN/PSP_Faradis/Report/DailyReport,
SHAHIN/PSP_Faradis/Report/ErrorLog,
SHAHIN/PSP_KartEtebariIranKish,
SHAHIN/PSP_MabnaCardAriya,
SHAHIN/PSP_PardakhtNovinAryan,
SHAHIN/PSP_Sadad,
SHAHIN/PSP_SayanCard,
SHAHIN/PSP_TejaratElectronicPasargad,
SHAHIN/Refah,
SHAHIN/Resalat,
SHAHIN/Saderat,
SHAHIN/Saderat/Report,
SHAHIN/Saderat/Report/Export,
SHAHIN/Saman,
SHAHIN/SanatOMadan,
SHAHIN/Sarmayeh,
SHAHIN/Sepah,
SHAHIN/Shahr,
SHAHIN/Shaparak,
SHAHIN/Sina,
SHAHIN/Tejarat,
SHAHIN/Tosse,
SHAHIN/TosseSaderat,
SHAHIN/TosseTaavon,
SHAHIN/VezaratRefah,
StatisticProject,
StatisticProject/Ayandeh,
StatisticProject/BankID,
StatisticProject/Caspian,
StatisticProject/Chabahaar,
StatisticProject/Day,
StatisticProject/EghtesadNovin,
StatisticProject/Gardeshgari,
StatisticProject/IranEuropa,
StatisticProject/IranVenezoela,
StatisticProject/IranZamin,
StatisticProject/ISC,
StatisticProject/ISC/Amar_Reports,
StatisticProject/ISC/Amar_Reports/AmarCARD,
StatisticProject/ISC/Amar_Reports/AmarNovin,
StatisticProject/ISC/Amar_Reports/AmarNovin/Channel_Daily_Report,
StatisticProject/ISC/Amar_Reports/AmarNovin/Channel_Daily_Report/AYN,
StatisticProject/ISC/Amar_Reports/AmarNovin/Channel_Daily_Report/BMI,
StatisticProject/ISC/Amar_Reports/AmarNovin/Channel_Daily_Report/BSI,
StatisticProject/ISC/Amar_Reports/AmarNovin/Channel_Daily_Report/BTS,
StatisticProject/ISC/Amar_Reports/AmarNovin/Channel_Daily_Report/NOOR,
StatisticProject/ISC/Amar_Reports/AmarNovin/Channel_Daily_Report/TEJ,
StatisticProject/ISC/Amar_Reports/AmarNovin/CMOReport,
StatisticProject/ISC/Amar_Reports/AmarNovin/HAMOON_Daily_Report,
StatisticProject/ISC/Amar_Reports/AmarNovin/HARIM_Daily_Report,
StatisticProject/ISC/Amar_Reports/AmarNovin/HARIM_Daily_Report/AYN,
StatisticProject/ISC/Amar_Reports/AmarNovin/HARIM_Daily_Report/BKI,
StatisticProject/ISC/Amar_Reports/AmarNovin/HARIM_Daily_Report/BMI,
StatisticProject/ISC/Amar_Reports/AmarNovin/HARIM_Daily_Report/BSI,
StatisticProject/ISC/Amar_Reports/AmarNovin/HARIM_Daily_Report/BTS,
StatisticProject/ISC/Amar_Reports/AmarNovin/HARIM_Daily_Report/KAR,
StatisticProject/ISC/Amar_Reports/AmarNovin/HARIM_Daily_Report/NOOR,
StatisticProject/ISC/Amar_Reports/AmarNovin/ICAS_Daily_Report,
StatisticProject/ISC/Amar_Reports/AmarNovin/ICAS_Daily_Report/BSI,
StatisticProject/ISC/Amar_Reports/AmarNovin/ICAS_Daily_Report/BSI/AM,
StatisticProject/ISC/Amar_Reports/AmarNovin/ICAS_Daily_Report/BSI/IDM,
StatisticProject/ISC/Amar_Reports/AmarNovin/MB_Daily_Report,
StatisticProject/ISC/Amar_Reports/AmarNovin/MB_Daily_Report/AYN,
StatisticProject/ISC/Amar_Reports/AmarNovin/MB_Daily_Report/BMI,
StatisticProject/ISC/Amar_Reports/AmarNovin/MB_Daily_Report/BSI,
StatisticProject/ISC/Amar_Reports/AmarNovin/MB_Daily_Report/BTS,
StatisticProject/ISC/Amar_Reports/AmarNovin/MB_Daily_Report/NOOR,
StatisticProject/ISC/Amar_Reports/AmarNovin/OBH_Daily_Report,
StatisticProject/ISC/Amar_Reports/AmarNovin/RIMA_Daily_Report,
StatisticProject/ISC/Amar_Reports/AmarNovin/SABA_Daily_Report,
StatisticProject/ISC/Amar_Reports/AmarNovin/SABA_Daily_Report/AYN,
StatisticProject/ISC/Amar_Reports/AmarNovin/SABA_Daily_Report/BMI,
StatisticProject/ISC/Amar_Reports/AmarNovin/SABA_Daily_Report/BMI-SABA3,
StatisticProject/ISC/Amar_Reports/AmarNovin/SABA_Daily_Report/BSI,
StatisticProject/ISC/Amar_Reports/AmarNovin/SABA_Daily_Report/BTS,
StatisticProject/ISC/Amar_Reports/AmarNovin/SABA_Daily_Report/NOOR,
StatisticProject/ISC/Amar_Reports/AmarNovin/TEL_Daily_Report,
StatisticProject/ISC/Amar_Reports/AmarNovin/TEL_Daily_Report/AYN,
StatisticProject/ISC/Amar_Reports/AmarNovin/TEL_Daily_Report/BMI,
StatisticProject/ISC/Amar_Reports/AmarNovin/TEL_Daily_Report/BSI,
StatisticProject/ISC/Amar_Reports/AmarNovin/TEL_Daily_Report/BTS,
StatisticProject/ISC/Amar_Reports/AmarNovin/TEL_Daily_Report/NOOR,
StatisticProject/ISC/Amar_Reports/AmarNovin/TM_Daily_Report,
StatisticProject/ISC/Amar_Reports/AmarNovin/TM_Daily_Report/AYN,
StatisticProject/ISC/Amar_Reports/AmarNovin/TM_Daily_Report/BMI,
StatisticProject/ISC/Amar_Reports/AmarNovin/TM_Daily_Report/BSI,
StatisticProject/ISC/Amar_Reports/AmarNovin/TM_Daily_Report/BTS,
StatisticProject/ISC/Amar_Reports/AmarNovin/TM_Daily_Report/NOOR,
StatisticProject/ISC/Amar_Reports/AmarNovin/USSD_Daily_Report,
StatisticProject/ISC/Amar_Reports/AmarNovin/USSD_Daily_Report/BSI,
StatisticProject/ISC/Amar_Reports/AmarNPS,
StatisticProject/ISC/Amar_Reports/MF_TR,
StatisticProject/ISC/Amar_Reports/SiamReport,
StatisticProject/Isun,
StatisticProject/Karafarin,
StatisticProject/Keshavarzi,
StatisticProject/Khavarmiyaneh,
StatisticProject/Markazi,
StatisticProject/Maskan,
StatisticProject/Mehr,
StatisticProject/Melal,
StatisticProject/Mellat,
StatisticProject/Melli,
StatisticProject/Noor,
StatisticProject/Parsian,
StatisticProject/Pasargad,
StatisticProject/PostBank,
StatisticProject/PSP_AsanPardakhtPersian,
StatisticProject/PSP_BehpardakhMellat,
StatisticProject/PSP_EBParsian,
StatisticProject/PSP_ECDamavand,
StatisticProject/PSP_EPPasargad,
StatisticProject/PSP_EPSaman,
StatisticProject/PSP_FanavaCard,
StatisticProject/PSP_Faradis,
StatisticProject/PSP_KartEtebariIranKish,
StatisticProject/PSP_MabnaCardAriya,
StatisticProject/PSP_PardakhtNovinAryan,
StatisticProject/PSP_Sadad,
StatisticProject/PSP_SayanCard,
StatisticProject/PSP_TejaratElectronicPasargad,
StatisticProject/Refah,
StatisticProject/Refahi,
StatisticProject/Resalat,
StatisticProject/Saderat,
StatisticProject/Saman,
StatisticProject/SanatOMadan,
StatisticProject/Sarmayeh,
StatisticProject/Sepah,
StatisticProject/Shahr,
StatisticProject/Shaparak,
StatisticProject/Sina,
StatisticProject/Tejarat,
StatisticProject/Tosse,
StatisticProject/TosseSaderat,
StatisticProject/TosseTaavon,
StatisticProject/VezaratRefah,
TELBANK/Ayandeh,
TELBANK/Ayandeh/VOIP_Report,
TELBANK/Ayandeh/VOIP_Report/Daily_Report,
TELBANK/Caspian,
TELBANK/Day,
TELBANK/EghtesadNovin,
TELBANK/Gardeshgari,
TELBANK/IranEuropa,
TELBANK/IranVenezoela,
TELBANK/IranZamin,
TELBANK/ISC,
TELBANK/Isun,
TELBANK/Karafarin,
TELBANK/Keshavarzi,
TELBANK/Khavarmiyaneh,
TELBANK/Markazi,
TELBANK/Maskan,
TELBANK/Mehr,
TELBANK/Melal,
TELBANK/Mellat,
TELBANK/Melli,
TELBANK/Melli/MCI,
TELBANK/Melli/MCI/Ghabz,
TELBANK/Noor/VOIP_Report,
TELBANK/Noor/VOIP_Report/Daily_Report,
TELBANK/Parsian,
TELBANK/Pasargad,
TELBANK/PostBank,
TELBANK/PSP_AsanPardakhtPersian,
TELBANK/PSP_BehpardakhMellat,
TELBANK/PSP_EBParsian,
TELBANK/PSP_ECDamavand,
TELBANK/PSP_EPPasargad,
TELBANK/PSP_EPSaman,
TELBANK/PSP_FanavaCard,
TELBANK/PSP_Faradis,
TELBANK/PSP_KartEtebariIranKish,
TELBANK/PSP_MabnaCardAriya,
TELBANK/PSP_PardakhtNovinAryan,
TELBANK/PSP_Sadad,
TELBANK/PSP_SayanCard,
TELBANK/PSP_TejaratElectronicPasargad,
TELBANK/Refah,
TELBANK/Resalat,
TELBANK/Saderat,
TELBANK/Saderat/BankPardakht,
TELBANK/Saderat/BankPardakht/Report,
TELBANK/Saderat/BankPardakht/Report/OUT,
TELBANK/Saderat/Daily_Reports,
TELBANK/Saderat/Daily_Reports/TelbankTxn,
TELBANK/Saman,
TELBANK/SanatOMadan,
TELBANK/Sarmayeh,
TELBANK/Sepah,
TELBANK/Shahr,
TELBANK/Shaparak,
TELBANK/Sina,
TELBANK/Tejarat,
TELBANK/Tosse,
TELBANK/TosseSaderat,
TELBANK/TosseTaavon,
TELBANK/VezaratRefah,
TOPUP/Ayandeh,
TOPUP/Caspian,
TOPUP/Day,
TOPUP/EghtesadNovin,
TOPUP/Gardeshgari,
TOPUP/IranEuropa,
TOPUP/IranVenezoela,
TOPUP/IranZamin,
TOPUP/ISC,
TOPUP/Isun,
TOPUP/Isun/Report,
TOPUP/Isun/Report/In,
TOPUP/Isun/Report/In/AMALIYAT,
TOPUP/Isun/Report/In/Backup-monitor,
TOPUP/Isun/Report/In/BalanceFiles,
TOPUP/Isun/Report/In/BOF,
TOPUP/Isun/Report/In/BOF/channel,
TOPUP/Isun/Report/In/BOF/gateway,
TOPUP/Isun/Report/In/BPS_AYN,
TOPUP/Isun/Report/In/BPS_KSH,
TOPUP/Isun/Report/In/Dumps,
TOPUP/Isun/Report/In/isun-switch-consol,
TOPUP/Isun/Report/In/log,
TOPUP/Isun/Report/In/log/ERS1,
TOPUP/Isun/Report/In/log/ERS2,
TOPUP/Isun/Report/In/log/ERS3,
TOPUP/Isun/Report/In/log/ERS4,
TOPUP/Isun/Report/In/log/SPLT,
TOPUP/Isun/Report/In/Moghayerat,
TOPUP/Isun/Report/In/Monitoring-data,
TOPUP/Isun/Report/In/SystemInformation,
TOPUP/Isun/Report/Out,
TOPUP/Karafarin,
TOPUP/Keshavarzi,
TOPUP/Keshavarzi/Report,
TOPUP/Keshavarzi/Report/Daily_Report,
TOPUP/Khavarmiyaneh,
TOPUP/Markazi,
TOPUP/Maskan,
TOPUP/Mehr,
TOPUP/Melal,
TOPUP/Mellat,
TOPUP/Melli,
TOPUP/Parsian,
TOPUP/Pasargad,
TOPUP/PostBank,
TOPUP/PSP_AsanPardakhtPersian,
TOPUP/PSP_BehpardakhMellat,
TOPUP/PSP_EBParsian,
TOPUP/PSP_ECDamavand,
TOPUP/PSP_EPPasargad,
TOPUP/PSP_EPSaman,
TOPUP/PSP_FanavaCard,
TOPUP/PSP_Faradis,
TOPUP/PSP_KartEtebariIranKish,
TOPUP/PSP_MabnaCardAriya,
TOPUP/PSP_PardakhtNovinAryan,
TOPUP/PSP_Sadad,
TOPUP/PSP_SayanCard,
TOPUP/PSP_TejaratElectronicPasargad,
TOPUP/Refah,
TOPUP/Resalat,
TOPUP/Saderat,
TOPUP/Saman,
TOPUP/SanatOMadan,
TOPUP/Sarmayeh,
TOPUP/Sepah,
TOPUP/Shahr,
TOPUP/Shaparak,
TOPUP/Sina,
TOPUP/Tejarat,
TOPUP/Tosse,
TOPUP/TosseSaderat,
TOPUP/TosseTaavon,
TOPUP/VezaratRefah,
