/DATA02/NASIM,
/DATA02/NASIM/Ayandeh,
/DATA02/NASIM/Caspian,
/DATA02/NASIM/Day,
/DATA02/NASIM/EghtesadNovin,
/DATA02/NASIM/Gardeshgari,
/DATA02/NASIM/IranEuropa,
/DATA02/NASIM/IranVenezoela,
/DATA02/NASIM/IranZamin,
/DATA02/NASIM/ISC,
/DATA02/NASIM/ISC/Report_CBI,
/DATA02/NASIM/ISC/Report_CBI/9_4-2_6,
/DATA02/NASIM/ISC/Satna,
/DATA02/NASIM/ISC/Satna/IN,
/DATA02/NASIM/Isun,
/DATA02/NASIM/Karafarin,
/DATA02/NASIM/Keshavarzi,
/DATA02/NASIM/Khavarmiyaneh,
/DATA02/NASIM/Maskan,
/DATA02/NASIM/Mehr,
/DATA02/NASIM/Melal,
/DATA02/NASIM/Mellat,
/DATA02/NASIM/Melli,
/DATA02/NASIM/Noor,
/DATA02/NASIM/Parsian,
/DATA02/NASIM/Pasargad,
/DATA02/NASIM/PostBank,
/DATA02/NASIM/PSP_AsanPardakhtPersian,
/DATA02/NASIM/PSP_BehpardakhMellat,
/DATA02/NASIM/PSP_EBParsian,
/DATA02/NASIM/PSP_ECDamavand,
/DATA02/NASIM/PSP_EPPasargad,
/DATA02/NASIM/PSP_EPSaman,
/DATA02/NASIM/PSP_FanavaCard,
/DATA02/NASIM/PSP_Faradis,
/DATA02/NASIM/PSP_KartEtebariIranKish,
/DATA02/NASIM/PSP_MabnaCardAriya,
/DATA02/NASIM/PSP_PardakhtNovinAryan,
/DATA02/NASIM/PSP_Sadad,
/DATA02/NASIM/PSP_SayanCard,
/DATA02/NASIM/PSP_TejaratElectronicPasargad,
/DATA02/NASIM/Refah,
/DATA02/NASIM/Resalat,
/DATA02/NASIM/Saderat,
/DATA02/NASIM/Saman,
/DATA02/NASIM/SanatOMadan,
/DATA02/NASIM/Sarmayeh,
/DATA02/NASIM/Sepah,
/DATA02/NASIM/Shahr,
/DATA02/NASIM/Shaparak,
/DATA02/NASIM/Sina,
/DATA02/NASIM/Tejarat,
/DATA02/NASIM/Tosse,
/DATA02/NASIM/TosseSaderat,
/DATA02/NASIM/TosseTaavon,
/DATA02/NASIM/VezaratRefah,
