/DATA02/NAHAB,
/DATA02/NAHAB/Ayandeh,
/DATA02/NAHAB/Ayandeh/OfflineProcess,
/DATA02/NAHAB/Ayandeh/OfflineProcess/in,
/DATA02/NAHAB/Ayandeh/OfflineProcess/in/accepted,
/DATA02/NAHAB/Caspian,
/DATA02/NAHAB/Day,
/DATA02/NAHAB/EghtesadNovin,
/DATA02/NAHAB/Gardeshgari,
/DATA02/NAHAB/IranEuropa,
/DATA02/NAHAB/IranVenezoela,
/DATA02/NAHAB/IranZamin,
/DATA02/NAHAB/ISC,
/DATA02/NAHAB/Isun,
/DATA02/NAHAB/Karafarin,
/DATA02/NAHAB/Keshavarzi,
/DATA02/NAHAB/Khavarmiyaneh,
/DATA02/NAHAB/Markazi,
/DATA02/NAHAB/Maskan,
/DATA02/NAHAB/Mehr,
/DATA02/NAHAB/Melal,
/DATA02/NAHAB/Mellat,
/DATA02/NAHAB/Melli,
/DATA02/NAHAB/Noor,
/DATA02/NAHAB/Parsian,
/DATA02/NAHAB/Pasargad,
/DATA02/NAHAB/PostBank,
/DATA02/NAHAB/PSP_AsanPardakhtPersian,
/DATA02/NAHAB/PSP_BehpardakhMellat,
/DATA02/NAHAB/PSP_EBParsian,
/DATA02/NAHAB/PSP_ECDamavand,
/DATA02/NAHAB/PSP_EPPasargad,
/DATA02/NAHAB/PSP_EPSaman,
/DATA02/NAHAB/PSP_FanavaCard,
/DATA02/NAHAB/PSP_Faradis,
/DATA02/NAHAB/PSP_KartEtebariIranKish,
/DATA02/NAHAB/PSP_MabnaCardAriya,
/DATA02/NAHAB/PSP_PardakhtNovinAryan,
/DATA02/NAHAB/PSP_Sadad,
/DATA02/NAHAB/PSP_SayanCard,
/DATA02/NAHAB/PSP_TejaratElectronicPasargad,
/DATA02/NAHAB/Refah,
/DATA02/NAHAB/Resalat,
/DATA02/NAHAB/Saderat,
/DATA02/NAHAB/Saman,
/DATA02/NAHAB/SanatOMadan,
/DATA02/NAHAB/Sarmayeh,
/DATA02/NAHAB/Sepah,
/DATA02/NAHAB/Shahr,
/DATA02/NAHAB/Shaparak,
/DATA02/NAHAB/Sina,
/DATA02/NAHAB/Tejarat,
/DATA02/NAHAB/Tosse,
/DATA02/NAHAB/TosseSaderat,
/DATA02/NAHAB/TosseTaavon,
/DATA02/NAHAB/VezaratRefah,
/DATA03/NAJMA,
/DATA03/NAJMA/Ayandeh,
/DATA03/NAJMA/Caspian,
/DATA03/NAJMA/Day,
/DATA03/NAJMA/EghtesadNovin,
/DATA03/NAJMA/Gardeshgari,
/DATA03/NAJMA/IranEuropa,
/DATA03/NAJMA/IranVenezoela,
/DATA03/NAJMA/IranZamin,
/DATA03/NAJMA/ISC,
/DATA03/NAJMA/Isun,
/DATA03/NAJMA/Karafarin,
/DATA03/NAJMA/Keshavarzi,
/DATA03/NAJMA/Khavarmiyaneh,
/DATA03/NAJMA/Markazi,
/DATA03/NAJMA/Maskan,
/DATA03/NAJMA/Mehr,
/DATA03/NAJMA/Melal,
/DATA03/NAJMA/Mellat,
/DATA03/NAJMA/Melli,
/DATA03/NAJMA/Noor,
/DATA03/NAJMA/Parsian,
/DATA03/NAJMA/Pasargad,
/DATA03/NAJMA/PostBank,
/DATA03/NAJMA/PSP_AsanPardakhtPersian,
/DATA03/NAJMA/PSP_BehpardakhMellat,
/DATA03/NAJMA/PSP_EBParsian,
/DATA03/NAJMA/PSP_ECDamavand,
/DATA03/NAJMA/PSP_EPPasargad,
/DATA03/NAJMA/PSP_EPSaman,
/DATA03/NAJMA/PSP_FanavaCard,
/DATA03/NAJMA/PSP_Faradis,
/DATA03/NAJMA/PSP_KartEtebariIranKish,
/DATA03/NAJMA/PSP_MabnaCardAriya,
/DATA03/NAJMA/PSP_PardakhtNovinAryan,
/DATA03/NAJMA/PSP_Sadad,
/DATA03/NAJMA/PSP_SayanCard,
/DATA03/NAJMA/PSP_TejaratElectronicPasargad,
/DATA03/NAJMA/Refah,
/DATA03/NAJMA/Resalat,
/DATA03/NAJMA/Saderat,
/DATA03/NAJMA/Saman,
/DATA03/NAJMA/SanatOMadan,
/DATA03/NAJMA/Sarmayeh,
/DATA03/NAJMA/Sepah,
/DATA03/NAJMA/Shahr,
/DATA03/NAJMA/Shaparak,
/DATA03/NAJMA/Sina,
/DATA03/NAJMA/Tejarat,
/DATA03/NAJMA/Tosse,
/DATA03/NAJMA/TosseSaderat,
/DATA03/NAJMA/TosseTaavon,
/DATA03/NAJMA/VezaratRefah,
